小韻號	字頭	地位	反切	本字聲母群	下字候選	下字聲母群	處理說明
837	唐	定開一唐平	徒郎	非唇音	郎	非唇音	
838	郎	來開一唐平	魯當	非唇音	當	非唇音	
839	當	端開一唐平	都郎	非唇音	郎	非唇音	
840	倉	清開一唐平	七岡	非唇音	岡	非唇音	
841	岡	見開一唐平	古郎	非唇音	郎	非唇音	
842	桑	心開一唐平	息郎	非唇音	郎	非唇音	
843	康	溪開一唐平	苦岡	非唇音	岡	非唇音	
844	荒	曉合一唐平	呼光	非唇音	光	非唇音	
845	黃	匣合一唐平	胡光	非唇音	光	非唇音	
846	光	見合一唐平	古黃	非唇音	黃	非唇音	
847	湯	透開一唐平	吐郎	非唇音	郎	非唇音	
848	滂	滂一唐平	普郎	唇音	郎	非唇音	
849	汪	影合一唐平	烏光	非唇音	光	非唇音	
850	鴦	影開一唐平	烏郎	非唇音	郎	非唇音	
851	炕	曉開一唐平	呼郎	非唇音	郎	非唇音	
852	航	匣開一唐平	胡郎	非唇音	郎	非唇音	
853	茫	明一唐平	莫郎	唇音	郎	非唇音	
854	臧	精開一唐平	則郎	非唇音	郎	非唇音	
855	囊	泥開一唐平	奴當	非唇音	當	非唇音	
856	傍	並一唐平	步光	唇音	光	非唇音	
857	卬	疑開一唐平	五剛	非唇音	剛	非唇音	
858	藏	從開一唐平	昨郎	非唇音	郎	非唇音	
859	䯑	溪合一唐平	苦光	非唇音	光	非唇音	
860	幫	幫一唐平	博旁	唇音	旁	唇音	
1832	蕩	定開一唐上	徒朗	非唇音	朗	非唇音	
1833	顙	心開一唐上	蘇朗	非唇音	朗	非唇音	
1834	廣	見合一唐上	古晃	非唇音	晃	非唇音	
1835	榜	幫一唐上	北朗	唇音	朗	非唇音	
1836	駔	精開一唐上	子朗	非唇音	朗	非唇音	
1837	曩	泥開一唐上	奴朗	非唇音	朗	非唇音	
1838	沆	匣開一唐上	胡朗	非唇音	朗	非唇音	
1839	曭	透開一唐上	他朗	非唇音	朗	非唇音	
1840	莽	明一唐上	模朗	唇音	朗	非唇音	
1841	黨	端開一唐上	多朗	非唇音	朗	非唇音	
1842	朗	來開一唐上	盧黨	非唇音	黨	非唇音	
1843	坱	影開一唐上	烏朗	非唇音	朗	非唇音	
1844	慷	溪開一唐上	苦朗	非唇音	朗	非唇音	
1845	㳹	影合一唐上	烏晃	非唇音	晃	非唇音	
1846	晃	匣合一唐上	胡廣	非唇音	廣	非唇音	
1847	髈	滂一唐上	匹朗	唇音	朗	非唇音	
1848	慌	曉合一唐上	呼晃	非唇音	晃	非唇音	
1849	䴚	見開一唐上	各朗	非唇音	朗	非唇音	
1850	䭹	疑開一唐上	五朗	非唇音	朗	非唇音	
1851	奘	從開一唐上	徂朗	非唇音	朗	非唇音	
1852	蒼	清開一唐上	麁朗	非唇音	朗	非唇音	
1853	汻	曉開一唐上	呼朗	非唇音	朗	非唇音	
1854	㢜〈懬〉	溪合一唐上	丘晃	非唇音	晃	非唇音	
2925	宕	定開一唐去	徒浪	非唇音	浪	非唇音	
2926	浪	來開一唐去	來宕	非唇音	宕	非唇音	
2927	吭	匣開一唐去	下浪	非唇音	浪	非唇音	
2928	盎	影開一唐去	烏浪	非唇音	浪	非唇音	
2929	枊	疑開一唐去	五浪	非唇音	浪	非唇音	
2930	葬	精開一唐去	則浪	非唇音	浪	非唇音	
2931	傍	並一唐去	蒲浪	唇音	浪	非唇音	
2932	藏	從開一唐去	徂浪	非唇音	浪	非唇音	
2933	譡	端開一唐去	丁浪	非唇音	浪	非唇音	
2934	抗	溪開一唐去	苦浪	非唇音	浪	非唇音	
2935	螃	幫一唐去	補曠	唇音	曠	非唇音	
2936	儻	透開一唐去	他浪	非唇音	浪	非唇音	
2937	曠	溪合一唐去	苦謗	非唇音	謗	唇音	
2938	儾	泥開一唐去	奴浪	非唇音	浪	非唇音	
2939	喪	心開一唐去	蘇浪	非唇音	浪	非唇音	
2940	攩	匣合一唐去	乎曠	非唇音	曠	非唇音	
2941	桄	見合一唐去	古曠	非唇音	曠	非唇音	
2942	鋼	見開一唐去	古浪	非唇音	浪	非唇音	
2943	荒	曉合一唐去	呼浪	非唇音	浪	非唇音	
2944	漭	明一唐去	莫浪	唇音	浪	非唇音	
2945	汪	影合一唐去	烏浪	非唇音	浪	非唇音	
3570	鐸	定開一唐入	徒落	非唇音	落	非唇音	
3571	莫	明一唐入	慕各	唇音	各	非唇音	
3572	落	來開一唐入	盧各	非唇音	各	非唇音	
3573	託	透開一唐入	他各	非唇音	各	非唇音	
3574	作	精開一唐入	則落	非唇音	落	非唇音	
3575	錯	清開一唐入	倉各	非唇音	各	非唇音	
3576	各	見開一唐入	古落	非唇音	落	非唇音	
3577	恪	溪開一唐入	苦各	非唇音	各	非唇音	
3578	咢	疑開一唐入	五各	非唇音	各	非唇音	
3579	𩔈	滂一唐入	匹各	唇音	各	非唇音	
3580	惡	影開一唐入	烏各	非唇音	各	非唇音	
3581	泊	並一唐入	傍各	唇音	各	非唇音	
3582	𦞦	曉開一唐入	呵各	非唇音	各	非唇音	
3583	索	心開一唐入	蘇各	非唇音	各	非唇音	
3584	涸	匣開一唐入	下各	非唇音	各	非唇音	
3585	昨	從開一唐入	在各	非唇音	各	非唇音	
3586	博	幫一唐入	補各	唇音	各	非唇音	
3587	諾	泥開一唐入	奴各	非唇音	各	非唇音	
3588	霍	曉合一唐入	虛郭	非唇音	郭	非唇音	
3589	郭	見合一唐入	古博	非唇音	博	唇音	
3590	雘	影合一唐入	烏郭	非唇音	郭	非唇音	
3591	穫	匣合一唐入	胡郭	非唇音	郭	非唇音	
3592	廓	溪合一唐入	苦郭	非唇音	郭	非唇音	
3593	瓁	疑合一唐入	五郭	非唇音	郭	非唇音	
3594	硦	來合一唐入	盧穫	非唇音	穫	非唇音	
3595	㘀	精合一唐入	祖郭	非唇音	郭	非唇音	
